query_id,n,c,pass@1,pass@5,pass@10,pass@20
query1,20.0,8.0,0.4,0.9489164086687306,0.9996427720885925,1.0
query2,20.0,13.0,0.65,0.9986455108359134,1.0,1.0
query3,20.0,19.0,0.95,1.0,1.0,1.0
Overall,,,0.6666666666666666,0.9825206398348812,0.9998809240295309,1.0
