query_id,n,c,pass@1,pass@5,pass@10,pass@15,pass@20,pass@30,pass@40,pass@50
query1,50,50,1.0,1.0,1.0,1.0,1.0,1.0,1.0,1.0
query2,50,1,0.020000000000000018,0.09999999999999998,0.19999999999999996,0.30000000000000004,0.4,0.6,0.8,1.0
