query_id,n,c,pass@1,pass@5,pass@10,pass@15,pass@20,pass@30,pass@40,pass@50
query1,50,41,0.8200000000000001,0.9999405312541297,1.0,1.0,1.0,1.0,1.0,1.0
query2,50,0,0.0,0.0,0.0,0.0,0.0,0.0,0.0,0.0
